Q_ID,Video_ID,Rank,Answer,Time (sec)
BDKkVYmWqdM,BDKkVYmWqdM,1,The bicyclist jumps over a tennis net and lands on the court.,49.3411
Bdyiy2P1WrA,Bdyiy2P1WrA,1,The food demonstration featured the preparation of blue-colored sausages and rice.,14.9428
BfcR9WtJQBQ,BfcR9WtJQBQ,1,A layer of marshmallows is placed over the chocolate in the pan.,16.7930
BGdwSxRiXzw,BGdwSxRiXzw,1,"The two people in the video are speaking into microphones, and there is a blue emoji with hands on its cheeks displayed on the screen.",16.3835
BkdaXjkp_h0,BkdaXjkp_h0,1,"The video ends with a close-up shot of the dress, highlighting its intricate details and craftsmanship.",28.8535
BrGdWP7lia0,BrGdWP7lia0,1,"When a man is playing football with a young boy, they engage in a friendly game where the man appears to be teaching or playing with the boy. The boy seems to be enjoying the activity and is actively participating in the game.",7.2458
BSVHVuVnlGw,BSVHVuVnlGw,1,The video is mainly about dental hygiene and the importance of using an electric toothbrush for effective brushing.,13.5661
Bu4HZcHWt1w,Bu4HZcHWt1w,1,"When the woman and the boy walk in between two cars, they are saved by a man who rushes to help them.",22.0148
BuIc1w-kn-k,BuIc1w-kn-k,1,"The two men shook hands and bumped into each other as a sign of mutual respect or agreement after their conversation. This gesture often signifies that they have reached an understanding or made a deal, which is common in social interactions where people use physical gestures to reinforce verbal agreements.",10.5610
BvfrF5nONZk,BvfrF5nONZk,1,"After the woman walks up to the man standing in front of his bike, she takes a picture of him with her phone and then walks away.",29.5391
BvpGKjFEIDg,BvpGKjFEIDg,1,"The field of corn in the video is covered with a large number of white birds, which appear to be geese. The birds are seen walking around and pecking at the ground.",5.7356
Bvv6lMUTlEw,Bvv6lMUTlEw,1,"The dog is being offered a cupcake or cake because it is likely celebrating a special occasion, such as its birthday. The text ""Ellie's Birthday Cake or Cupcake"" suggests that the dog named Ellie is having a birthday celebration and is being given a choice between a cupcake and a cake to eat.",44.6637
Bw7GevJP1vA,Bw7GevJP1vA,1,"After showing the food on the coffee table, the man sits back down and continues to talk.",31.5750
BWAVzDutp1o,BWAVzDutp1o,1,"When a motorcyclist is riding down the road, they encounter a truck in front of them. The motorcyclist then overtakes the truck and continues riding.",21.2066
BYja7Z0B9Fc,BYja7Z0B9Fc,1,"The video shows a couple sitting in a car and kissing, but then it cuts to a blurry image of them kissing again.",6.5505
ByuygPDH1Vk,ByuygPDH1Vk,1,"The duck was playing dead to avoid being eaten by the dog. This is a common survival tactic for animals in the wild, where pretending to be dead can help them escape from predators. The duck likely sensed danger and played dead as a way to trick the dog into thinking it was no longer a threat.",24.4705
C4j3Pp79KSg,C4j3Pp79KSg,1,"When the woman riding in the wheelchair reaches the corner, she stops and waits for the man to help her navigate the turn.",7.6717
C7ADL93Zg4Q,C7ADL93Zg4Q,1,"In the video, the young woman is seen shooting at Pac-Man with a water gun.",16.6022
C7ToN6hcXvQ,C7ToN6hcXvQ,1,"At the end of the video, a group of people wearing red turbans and white clothes are seen dancing in front of a blue and white building with a dome.",9.6715
CbRNu0FBRv8,CbRNu0FBRv8,1,"The man scrolls the screen on his phone towards the end of the video, after he has already been using it for some time.",12.3706
CBxi5FLNouw,CBxi5FLNouw,1,"The boy in the video appears to be trying to figure out how to use or manipulate a glowing object, possibly a pen or a similar item, with his hand. The progression of frames suggests that he is practicing and improving his skills over time, as indicated by the text ""1 Day,"" ""1 Week,"" and ""1 Month"" which likely represent different stages of his practice.",24.3409
CcafMpThEeQ,CcafMpThEeQ,1,"By the end of the video, the punching bag is seen being carried by the man in the blue shirt.",6.8214
CFhqtT9V8yk,CFhqtT9V8yk,1,"The video depicts a cartoon character walking through various urban environments, encountering different obstacles and situations. The character's journey takes them past a barber shop, a building with a striped pole, a vending machine, a blue scooter, and a green door. The character's expressions and body language suggest they are navigating these obstacles with a mix of curiosity and caution. The video seems to be a humorous or lighthearted depiction of everyday life, possibly highlighting the challenges and absurdities of city living.",57.3381
CgjC6CV-sUs,CgjC6CV-sUs,1,"The video is primarily about a character named Chi-Chi taking things upstairs and engaging in a conversation with another character, Gohan, about going upstairs. The dialogue reveals that Chi-Chi has protection up there, which piques Gohan's curiosity. The video also includes a call to action for viewers to subscribe for more Dragon Ball content.",25.6594
CH8Dp7EgW4I,CH8Dp7EgW4I,1,"After being shoved by another boy, the smaller boy starts dancing.",8.2895
CjcyaXLB3Ow,CjcyaXLB3Ow,1,"The boy jumped up off the sofa, stomped out of the room, and yelled because he was upset about something that happened during the video. The exact reason is not specified in the given information, but it could be inferred that there was an argument or disagreement between him and someone else, possibly related to the game they were playing.",30.8340
CLgCH9T6IwY,CLgCH9T6IwY,1,"A figure with a black cape appears in the video during the scene where the text ""第一个赛罗"" (First Zero) is displayed. This suggests that the character might be Zero, who is often associated with a black cape in the Ultraman series.",17.7046
Cl_YhG6ZgNg,Cl_YhG6ZgNg,1,"By the end of the video, the person successfully separated the yolk from the egg white using the bottle and poured the egg white into one plate while keeping the yolk in the other plate.",57.8983
CnhxnPIbwyk,CnhxnPIbwyk,1,"By the end of the video, the woman is seen sitting on the beach with her arms raised, holding a purple scarf above her head. She appears to be in a relaxed and joyful state, enjoying the moment.",7.1133
CsRoh9YM9pM,CsRoh9YM9pM,1,"The video shows that over time, the intimacy and comfort level of couples sleeping together change. Initially, they are shown as very close and affectionate, sharing a kiss and cuddling. As time progresses, their interactions become more casual and sometimes humorous, indicating a shift towards a more relaxed and comfortable relationship dynamic. The text overlays suggest that while the affection remains, the nature of their interactions evolves from intimate to more casual and playful.",11.2143
CtinYSH3nVw,CtinYSH3nVw,1,"Before the man gets into a car, he is seen standing next to a car with blue paint on his face and hands. He is holding a metal bowl in one hand and a phone in the other. The woman approaches him and they have a conversation.",32.8737
D4P4xYRYXIM,D4P4xYRYXIM,1,"After the man gave a fist bump to the three young boys, he received a lollipop from them.",29.4233
D4Y3c5srV_k,D4Y3c5srV_k,1,One of the guys falls down while two guys are playing basketball.,13.6168
D7iryXC-ThU,D7iryXC-ThU,1,"By the end of the video, the text ""one of his most iconic characters"" appears on the screen, indicating that the discussion is about a character from the movie ""Top Gun.""",6.7180
DA6QjibIUac,DA6QjibIUac,1,"After the kids ran down the street, they encountered an elephant and its rider. The elephant was covered in blue paint, and the rider was wearing a turban. The elephant appeared to be calm as it walked down the street with the children.",33.1185
DarD_G6Hz4Q,DarD_G6Hz4Q,1,"By the end of the video, the woman is seen walking away from the door while still wearing her purple dress and high heels.",7.1062
DC4FE3hI67U,DC4FE3hI67U,1,"The person in the video is holding a red and white large sign near a car, but there isn't enough information to determine what specific action they are performing with it.",29.1255
Dc4pETr9vGA,Dc4pETr9vGA,1,"After putting a sock on the woman, the man continues to put socks on her feet while she remains seated with her feet hanging in front of him.",9.4383
DJ18uzDCB9s,DJ18uzDCB9s,1,"The video aims to teach viewers how to apply lipstick in a way that is both effective and efficient, focusing on the importance of precision and technique.",33.8609
DMd-0BLyGhs,DMd-0BLyGhs,1,"After putting blueberry juice in a decanter, the man drinks from it.",34.1055
DOm8sdnXqz4,DOm8sdnXqz4,1,"After the man lays on his girlfriend's stomach, he gets up and starts dancing in the room.",4.4534
DXrUFbDQ0Os,DXrUFbDQ0Os,1,"The cats in the video are lounging and relaxing, with one cat even lying down on a couch while wearing sunglasses.",17.4269
E0diSOsIyKg,E0diSOsIyKg,1,The last ingredient recommended by the speaker is blue jello.,75.6874
E0f7GRttANw,E0f7GRttANw,1,"When Spider-Man pulls on the sword, it causes the blue substance to ooze out from the apple.",34.1597
E13zxG7hkdE,E13zxG7hkdE,1,"After the woman pulls the trigger, she is seen crying and saying ""you don't wanna live with that."" The man then says ""That's not what I want,"" and the woman looks at him with a concerned expression.",35.6697
E21rrcZ86KM,E21rrcZ86KM,1,"No, the man's face is not visible while the game is being played.",28.0120
E3hGqRv4_K8,E3hGqRv4_K8,1,Coca-Cola,8.2345
EEfGBodc_OU,EEfGBodc_OU,1,"The dog jumps in the middle of the video, after the character interacts with it and the character's outfit changes to a yellow shirt and red shorts.",54.9989
EgChb22PyHg,EgChb22PyHg,1,"The lady is likely vacuuming her car seats to remove any dirt, debris, or crumbs that may have fallen onto the seats while she was sitting in them. This helps keep the interior of the car clean and hygienic.",22.2840
EHJyRw9PDVk,EHJyRw9PDVk,1,"Yes, the stewardess successfully closes the new door safely.",34.0884
EM5PHPF5TyY,EM5PHPF5TyY,1,"The woman is getting the waist of her skirt tightened because it is too loose, and she wants to ensure it fits properly.",40.6200
Em8AwLDkiJc,Em8AwLDkiJc,1,"The video is about a person wearing a hoodie with speakers and engaging in playful activities, such as dancing and interacting with pillows, while showcasing the hoodie's features.",53.0944
EMI_anpHII4,EMI_anpHII4,1,The hand in the video makes a blue bird ornament.,15.8914
EmOrZ-Q_nDk,EmOrZ-Q_nDk,1,"The man's hand appears in the video when he is touching the crocodile's head, which happens around 20 seconds into the video.",12.3689
EOLgGCKwo4w,EOLgGCKwo4w,1,A cannon was discovered inside a large hole on the side of a mountain.,19.8827
EQe8l1qXDjU,EQe8l1qXDjU,1,"The man's attire is distinguished by his brown suit, white gloves, and black shoes.",23.5537
ErY8-ZYQzAI,ErY8-ZYQzAI,1,"When there is a power shortage in a major city and the traffic lights are out, people start dancing in the streets.",58.3861
EtNOkUJd5w8,EtNOkUJd5w8,1,"Before putting the little orange balls in the basket, the man was seen holding a bottle of beer and attempting to open it with a basketball hoop-shaped opener. He successfully opened the bottle and then proceeded to put the orange balls into the basket.",22.8131
EWLcSgJT6ZU,EWLcSgJT6ZU,1,"When the big fish catches the little fish, the person in the video is shown celebrating their success by raising their arms in triumph and expressing excitement. The scene is filled with exaggerated visual effects to emphasize the achievement, such as bright flashes of light and animated graphics of the fish.",9.8246
Exf6rtBYbHc,Exf6rtBYbHc,1,The watermelon melts in the refrigerator.,25.9983
EXyKi67lE74,EXyKi67lE74,1,"The video ends with a shot of the man in the suit and tie, looking directly at the camera with a serious expression.",38.4362
EYZnLuU5XCE,EYZnLuU5XCE,1,"The common thread among the pictures of young people in casual poses seems to be that they are all taken indoors, with a focus on individual or small group settings. The individuals appear relaxed and are dressed casually, suggesting a personal or informal context rather than a professional one. The backgrounds vary slightly but generally include indoor environments such as rooms or hallways.",13.7176
EZMT3xxIGt8,EZMT3xxIGt8,1,"No, it seems like there might be a misunderstanding or a joke in the video. The text overlay suggests that the person is telling their girlfriend they spent $20,000 on an engagement ring, but the video itself does not provide any evidence to confirm this amount. It's possible that the video is meant to be humorous or exaggerated.",31.3876
EZTAaKkHKyg,EZTAaKkHKyg,1,"The unusual condiment squeezed into the bag of chips is a blue substance, which appears to be a type of candy or gummy.",5.0000
F2OEdOzce5g,F2OEdOzce5g,1,There is more kicking than boxing in the video.,37.0219
F3JpwuSKkMc,F3JpwuSKkMc,1,"No, I have not seen this stunt performed in real life. The video appears to be an animated sequence where a character is attempting a skateboard trick but fails and falls off the ramp. This type of animation is often used for comedic or educational purposes rather than depicting real-life stunts.",6.4674
F3qE951zzqA,F3qE951zzqA,1,"The third kitten, named Kenneth, is not shown moving down the stairs in the video. Instead, it remains at the top of the stairs, and the text ""But where's Kenneth?"" appears, indicating that he is missing or has not yet descended.",16.5355
F4MPMa8-Hzg,F4MPMa8-Hzg,1,The dots on top of the cake are purple.,70.7877
F5NMK2TRzyY,F5NMK2TRzyY,1,"The diver is demonstrating how to hold one's breath underwater for an extended period of time, as indicated by the timer counting up from 00:00 to 00:10 seconds while he remains submerged.",8.5436
FAJK7_Yr1UM,FAJK7_Yr1UM,1,"The motorcyclists touch hands as a gesture of camaraderie and mutual support, which is common among riders to show solidarity and encouragement during rides.",31.9224
FBD7bvFnshE,FBD7bvFnshE,1,"The video is primarily about a woman's journey and achievements, including her success in music, winning a Grammy in 2016, and making a significant decision to kiss Charlie Puth on national television in 2015.",32.8914
FDE7PCGMASA,FDE7PCGMASA,1,"No, the venus flytrap is not poisonous to humans; it is a harmless plant that uses its traps to catch insects for food.",65.8182
FDF2NCm5WCA,FDF2NCm5WCA,1,"The modified marker used to write ""Action"" has blue and black colors.",62.2715
FIQJYK5nH_E,FIQJYK5nH_E,1,"The young man enters the classroom playing a saxophone, which is an unusual and unexpected way to enter a classroom setting.",26.9378
FiXXyP5ZRxA,FiXXyP5ZRxA,1,"Yes, the video shows a character drawing a picture of a dog, which might give you an idea to draw a doll as well.",12.5983
FjHyHGURyEQ,FjHyHGURyEQ,1,"The person in the yellow jersey appears to be engaged in some form of performance or activity, possibly related to sports or entertainment, given their attire and the setting. However, without more context from the video, it's not possible to determine exactly what they are trying to achieve. If you have any specific details or moments from the video that you think might help clarify, please provide them!",25.1254
FKsBrmJ2xSg,FKsBrmJ2xSg,1,"After a man jumps off a diving board into a pool, he performs a flip in the air before landing in the water with a splash.",8.8896
Fk_j6re_Uiw,Fk_j6re_Uiw,1,"The two voices are arguing about the quality of the video being watched, specifically whether it is in 1080p or 4k resolution.",42.2119
FLSitZEug_c,FLSitZEug_c,1,"The best way to tie a plastic bag is by using a knot or a twist-tie to secure it closed. This ensures that the contents inside remain fresh and contained, and it also helps in keeping the bag from being easily opened.",64.2343
FtXVic8pRCw,FtXVic8pRCw,1,"The boy pretends to get stung by a large black spider, but it turns out to be a fake spider. He then reacts with surprise and amusement, and the video ends with him smiling and looking at the camera.",42.5397
Fu7tEHd2MLA,Fu7tEHd2MLA,1,The race car driver is attempting to overtake another car on the track.,31.9789
Fvd3ry_9NRM,Fvd3ry_9NRM,1,The actor will always pop up in the search results.,30.4904
FVdQHVBAiB4,FVdQHVBAiB4,1,The guitar cost $80.,38.7208
G2w7PrdwYhM,G2w7PrdwYhM,1,The apparatus is designed to test the reaction time of the participants.,75.6347
G3GstfkuDIg,G3GstfkuDIg,1,"The boy in the video is shown exploring various parts of the hotel, including the ceiling light, bed, and bathroom. He seems to be fascinated by the new environment and interacts with different objects, such as the pillow and the soap dispenser.",12.2927
G4jfirTeNCY,G4jfirTeNCY,1,"The video does not provide specific information about the number of passes made before the goal was scored. However, it shows a sequence where a player in a white jersey makes a pass to another player who then scores a goal. The exact number of passes is not detailed in the provided content.",27.2757
G5AgzHKJINU,G5AgzHKJINU,1,The man shoots the ball three times in total.,18.0055
G6k-PoDDL0I,G6k-PoDDL0I,1,"After posing in front of the camera, the man walks away from it.",8.1098
G6zu9D0j8hk,G6zu9D0j8hk,1,The presence of a toy box and a bed with a blue blanket featuring cartoon characters suggests that the room is designed for a child.,19.0643
GAioLcwAMjE,GAioLcwAMjE,1,The netting behind the soldier is likely covered with branches as camouflage to blend in with the surrounding environment and make it harder for enemies to spot the soldier's position. This is a common tactic used in military operations to maintain stealth and security.,9.6337
GaT6xXXdZPI,GaT6xXXdZPI,1,"In the video, a woman is standing in front of a blue wall with shelves behind her. She is wearing a blue sweater and has long blonde hair. The video features various Chinese characters and images of gifts, including chocolate, roses, and jewelry, which appear on the screen as she speaks. The woman seems to be discussing or presenting these items, possibly as part of a gift guide or a cultural presentation related to Valentine's Day.",12.4853
Gb9otyfOuqA,Gb9otyfOuqA,1,The umpire signals a strike in the video.,7.1370
GBm6-NX3ue4,GBm6-NX3ue4,1,The yellow handle is cranked 10 times the first time in the video.,15.3208
GC_ZIryUtoc,GC_ZIryUtoc,1,The person in the green and black glove rubs their hands together.,41.5782
GD9prt9PD8Q,GD9prt9PD8Q,1,"In the cartoon, one character asks another to pay him back the five dollars he owes. The character who owes the money is initially reluctant but then says he will pay it back later.",23.8219
GDXiE0xXhSw,GDXiE0xXhSw,1,"This appears to be a compilation of various scenes, likely from a music video or a performance. The video includes different settings and characters, with some scenes showing individuals in casual environments and others in more dramatic or stylized settings. There are also moments that seem to be from a concert or stage performance, as indicated by the presence of microphones and stage lighting. The text overlays suggest that it might be a fan-made tribute or a highlight reel featuring a specific individual or group.",14.1491
GeToJ_bYWkQ,GeToJ_bYWkQ,1,"In the video, there is one back flip performed by the character.",19.3782
GF5kmTYwedw,GF5kmTYwedw,1,"The drums used in the recording of this track are electronic or digital drums, which are commonly used in modern music production for their versatility and ease of use. These drums can be programmed to produce various sounds and rhythms, allowing for a wide range of musical styles and effects. The specific type of electronic drum set used would depend on the preferences of the producer and the desired sound for the track.",33.6793
GH7kcBkraNg,GH7kcBkraNg,1,"The video shows multiple scans, but the exact number is not specified in the description provided.",25.3369
GIdtda2RH_g,GIdtda2RH_g,1,The highway in the video has three levels.,38.2632
GjGFHotsrc0,GjGFHotsrc0,1,The interviewee recommends Lil Wayne for the fifth Mt. Rushmore image.,31.2494
GjidAAzBQ0s,GjidAAzBQ0s,1,There are two spools of twine in the drawer.,72.7451
GJq44zrdS5A,GJq44zrdS5A,1,This is a horror-themed video.,24.6982
Gn1hEZcLt5Q,Gn1hEZcLt5Q,1,"He breaks the pencils by using his bare hands, specifically by squeezing and bending them with great force. The video shows him holding multiple blue pencils in each hand and applying pressure until they snap.",21.7123
GnOVP1b106U,GnOVP1b106U,1,"When a bird starts chirping, it typically indicates that it is either happy or alert. Birds often chirp to communicate with other birds in their flock, to express excitement or curiosity about their surroundings, or as a way to establish and maintain contact with other members of their group. Chirping can also be a sign of territorial behavior, where a bird is trying to assert its presence and claim ownership of a particular area. Additionally, some birds may chirp as a form of play or to practice",34.1648
GO99jgYXXPo,GO99jgYXXPo,1,There is one egg in the serving.,30.7299
Gp4LVTn3YbY,Gp4LVTn3YbY,1,"After putting the wafer in her mouth, the woman makes a face and says ""OMG"" while holding her mouth.",41.2652
Gq-fFH6p7cQ,Gq-fFH6p7cQ,1,The man takes two steps before stepping into the water.,30.9637
GqcZ_L3yWes,GqcZ_L3yWes,1,The boy is petting the dog with a wig on that is sitting in front of him.,32.2707
GRfibNOTJnw,GRfibNOTJnw,1,"In the video, there is one red lollipop visible.",25.0840
Gs4ZVLz6-CE,Gs4ZVLz6-CE,1,The animals in the video are cats.,36.5984
GSo0ep3dlh4,GSo0ep3dlh4,1,"The woman buttons up the shirt and then unbuttons it, revealing her outfit underneath.",71.5305
GtTPXrtzEFc,GtTPXrtzEFc,1,The cat is pawing at the door because it wants to go inside and is trying to communicate its desire to enter.,13.5611
GuSGaDJsgsE,GuSGaDJsgsE,1,The sound heard at the beginning of the video is a loud explosion.,16.4091
GuxpJ5XyL5Q,GuxpJ5XyL5Q,1,The teacher is walking around the classroom and checking on the students.,18.2135
GWCGF1WpMPc,GWCGF1WpMPc,1,The old woman covers her mouth with her hand and then laughs.,40.0350
Gw_73ZoYFr8,Gw_73ZoYFr8,1,There is one book visible in the video.,45.4437
GxcEldb2Prw,GxcEldb2Prw,1,"The man's frustration is evident from his body language and facial expressions, such as his hand gestures and the way he points at the woman while she struggles with the car keys.",38.5715
Gxwk3wdwV08,Gxwk3wdwV08,1,"The man realizes that he has been brushing his teeth for an unusually long time, which is why his toothbrush is still on the counter and there is blood running out of his mouth. This suggests that he might have been brushing too vigorously or for too long, leading to gum irritation and bleeding.",41.5081
GYqVa5CA8jM,GYqVa5CA8jM,1,"Yes, the little boy seems to like his medicine as he is seen drinking it without any resistance.",9.2594
H18wdPYmAOA,H18wdPYmAOA,1,"The skin showed signs of improvement in acne scars, wrinkles, and large pores.",29.8336
H6npY5v3HVs,H6npY5v3HVs,1,Boxing,16.5255
H8GzucU2bb0,H8GzucU2bb0,1,"Yes, the child seems to be very happy and grateful for receiving the i-pad. The child's excitement and the way they eagerly reach out to take the device from the adult indicate their gratitude and joy at having it.",31.0457
H9h3o-BKTbM,H9h3o-BKTbM,1,"The young man likely has a funny look on his face because he is surprised or amused by the unexpected sight of a monkey in a crowd of people at what seems to be a concert in Ohio. The presence of a monkey in such an environment is unusual and humorous, which might have caused him to react with surprise or laughter.",22.4334
HALDk0pCfXU,HALDk0pCfXU,1,The dog looks up at the camera with a surprised expression and then licks its lips.,33.8776
HC74qkV2-YA,HC74qkV2-YA,1,The men pick up the paper from the floor and put it in a bag.,15.1685
HCE45LGztlo,HCE45LGztlo,1,"When you commit a sin, you will feel bad inside and your heart will be black.",13.8304
HcvOhX3n784,HcvOhX3n784,1,"By the end of the video, the woman is holding her dog and smiling at the camera.",9.0946
HD2_qedLUTE,HD2_qedLUTE,1,"The first two sentences spoken in the video are ""Your not a cop cop vests black"" and ""Nugget, your not a cop cop vests black.""",31.1154
HD9FEp5RDRs,HD9FEp5RDRs,1,"The water bowl can be found in the background of the video, behind the dog.",39.8106
HhJRo_1C5iY,HhJRo_1C5iY,1,"The dog is barking and hitting the woman with its paw because it wants treats. The text ""Gimme treats"" appears in the video, indicating that the dog is asking for food. The woman seems to be trying to communicate with the dog, possibly offering treats or trying to calm it down, but the dog's behavior suggests it is persistent in its request for food.",7.9445
HhlU4N9Lo3Q,HhlU4N9Lo3Q,1,The model with the blue outfit is performing four exercises in the video.,9.2379
HhyW9mStn7Y,HhyW9mStn7Y,1,"In the video, we see one score where a player catches the ball and scores a touchdown. The text overlay indicates that this is a ""Hail Mary"" play, which is typically a last-ditch effort to score in American football. The player's successful catch results in a touchdown, leading to a celebratory reaction from the crowd.",22.0591
HI2ZUfgeX0w,HI2ZUfgeX0w,1,"The people appear to be waiting in a large indoor space, which could be a community center or a similar facility, given the context of them being told to seek shelter at a shopping mall. The setting is likely designed to accommodate a large number of people, possibly for emergency situations like severe weather or other emergencies that require evacuation.",30.4385
HIA3EZSjD3k,HIA3EZSjD3k,1,There is one phone visible in the video. It is being held by the man wearing an orange shirt and black shorts.,9.3895
HIE5JGhq9XU,HIE5JGhq9XU,1,"The girls appear to be around 5-7 years old, as they are described as ""little girls"" in the video.",20.1121
HifNO8jnX-w,HifNO8jnX-w,1,The woman is using her hand to crush the egg.,25.3032
HJpXxOUYDxE,HJpXxOUYDxE,1,"After the woman motorcyclist looks at the man, she starts riding her motorcycle.",8.8955
HkaGKlpb05k,HkaGKlpb05k,1,The painter started working after the drywall was completely finished.,45.4564
HkUqgG3OPkA,HkUqgG3OPkA,1,"After the boxer avoids a kick to the head by bending backward, he is shown lying on the ground.",7.9554
Hn39NgRMxtY,Hn39NgRMxtY,1,"They are performing gymnastics exercises, specifically on the parallel bars.",66.0389
Ho6rVzAF_9s,Ho6rVzAF_9s,1,"The off and on engine switch is typically located on the left side of the handlebars for most motorcycles. This placement allows the rider to easily access it with their left hand while riding. However, the exact location can vary depending on the specific model and design of the motorcycle.",53.9891
HpAFuQ51Fmg,HpAFuQ51Fmg,1,The girl is hiding inside a trash can.,8.7984
Ht0eoZvmPo4,Ht0eoZvmPo4,1,"The video ends with the hunter releasing the arrow, which hits its target.",43.1982
HT9Eo6Si5Mo,HT9Eo6Si5Mo,1,"The tall figure, which is revealed to be a bear skeleton with a creepy grin, stands over an open book and begins to speak in a deep, eerie voice.",21.5656
HtZ2KVuDfIo,HtZ2KVuDfIo,1,"After taking a bite of the cookie, the woman chews it and then swallows it.",19.0199
HUs-7p9QAMk,HUs-7p9QAMk,1,"The man is wearing a harness for safety reasons while working at heights. It provides support and ensures that he does not fall, which is crucial in construction or maintenance work where there is a risk of falling from a significant height. The harness helps to distribute the weight of the person evenly across the body, reducing the risk of injury in case of a fall. Additionally, it may be used in conjunction with other safety equipment such as a helmet and gloves to further protect the worker.",29.5634
HVh_en2b0-U,HVh_en2b0-U,1,"In the video, there is one French door visible behind the man.",6.7354
HvYkXvDkuPc,HvYkXvDkuPc,1,"At the end of the video, the lights turn off and the students continue to study by using their phones as flashlights.",9.4782
Hw0bRvn1ZIo,Hw0bRvn1ZIo,1,"The text 'SLO DOWN TO GO FASTER' is displayed after ""Jiu Jitsu"".",39.2303
HwD5afpQNZM,HwD5afpQNZM,1,The video shows a wedding ceremony where a woman is getting her hair done by another woman while wearing a blue dress and a veil.,31.6322
HxYov3ZvQN8,HxYov3ZvQN8,1,"The player wearing jersey number 17, who is from the orange team, shows good sportsmanship by apologizing to his opponent and the referee after the incident.",13.7860
HyOKrz1C4zU,HyOKrz1C4zU,1,The fruits being harvested in the video are purple and green.,65.6431
HZHBrAMppd8,HZHBrAMppd8,1,"By the end of the video, the speaker expresses their happiness and satisfaction with the meal prep process, and encourages viewers to try it themselves.",18.2819
HZva-aCzZts,HZva-aCzZts,1,"After using an electric screwdriver to place three long screws in an anchor bracket, the carpenter uses a hammer to tap the screws into place.",51.1987
HZVvjdZt5PM,HZVvjdZt5PM,1,"The woman was likely demonstrating how to use the hair straightening wand for styling purposes, possibly showing a technique or trick that involves using it in an unconventional way, such as around the nose area. This could be part of a humorous or creative demonstration, or she might have been explaining a specific method for styling hair near the face.",29.9797
I0f5KN--RYw,I0f5KN--RYw,1,"The thin player covering the heavy player abruptly stops walking and turns around, leading to the heavy player falling down.",3.5834
I0hKaP5Y8LU,I0hKaP5Y8LU,1,The woman takes off from a trampoline to start her acrobatic performance.,34.4347
I1lgJSu89aU,I1lgJSu89aU,1,"The view from the glass window shows a cityscape at night, with lights from buildings visible through the large windows.",28.4837
I4JX5m-gJxM,I4JX5m-gJxM,1,"The first two displayed texts in the video are ""How I teach people"" and ""to wakesurf"".",62.0750
I5ZKEsOXkGU,I5ZKEsOXkGU,1,"No, it is not an example of love at first sight. The video does not depict any scene where two people fall in love instantly upon meeting.",32.0429
I9QFj6lz15w,I9QFj6lz15w,1,"The Avocado seed is being punctured with toothpicks to allow it to float in water, which helps in germination and growth.",15.5264
IazJA4RD4AE,IazJA4RD4AE,1,The sound of a car engine can be heard in the background while the speaker is talking about the car's features and specifications.,21.6221
ICkVMgn44jc,ICkVMgn44jc,1,"The woman in the video experiences several benefits from swimming in icy water, including improved cardiovascular health, increased endurance, and enhanced mental resilience. The cold water stimulates the body's natural response to stress, which can lead to better overall physical and mental well-being. Additionally, the act of swimming in such conditions can be a form of meditation and a way to connect with nature, providing a sense of peace and tranquility.",17.1502
Ie-KCtcZ7uc,Ie-KCtcZ7uc,1,"The first question asked of these young men driving away in a Bentley Bentayga is ""what do you do for a living?""",34.5859
IEE2dPefD58,IEE2dPefD58,1,The baby smirks after staring at the woman.,19.8860
IF1G49x7rUk,IF1G49x7rUk,1,"After pouring hot oil over the fish, the cat sits down and waits for the fish to cook.",42.5873
IgHdataMrsI,IgHdataMrsI,1,"The doctor is likely using the stuffed animal as a prop or tool to demonstrate something related to the topic she is discussing, possibly to make the interaction more engaging or to illustrate a concept in a playful manner.",18.8735
IGL7j9-JRG4,IGL7j9-JRG4,1,"The heart in the video appears to be made of a soft, plush material, likely designed to resemble a stuffed toy or a cartoonish representation rather than a real anatomical heart. The texture and appearance suggest it's meant to be playful and whimsical, possibly for decorative or entertainment purposes.",41.9753
IgvTAaTs1h0,IgvTAaTs1h0,1,The model appears in 5 different shots in the video.,22.1017
Ih-J19BMr2k,Ih-J19BMr2k,1,The man in the video is practicing his batting skills by swinging a baseball bat at a ball that is being thrown to him.,27.3626
IhSgnUly68U,IhSgnUly68U,1,"After putting RockTape on the bottom of his foot, the man applies RockTape to the outside of his ankle.",23.4913
IipsUXtbfi0,IipsUXtbfi0,1,The key event in the video was the soccer player scoring a goal by kicking the ball into the net.,46.7757
IluSoQAf7iQ,IluSoQAf7iQ,1,"The man is explaining this to help create an irresistible offer by addressing potential objections that a target market might have, ensuring that the offer is compelling and persuasive.",13.2936
IPNczM8NRps,IPNczM8NRps,1,"The wife is dancing in front of her husband while he is engrossed in watching a game on his cell phone, which is causing him to get distracted and annoyed.",19.1740
IRTTtnSRTyY,IRTTtnSRTyY,1,"The sound being made in the video is a repetitive and rhythmic popping noise, which is characteristic of the tactile sensory experience provided by the fidget toy.",10.9167
IScHYoAPr5s,IScHYoAPr5s,1,"During the throw-in, the player who scored the basket throws the ball back into play from the center of the court. The opposing team then takes possession and tries to start their offensive play.",27.1474
ISPojHxT_bc,ISPojHxT_bc,1,"The number of arrows changes based on the player's performance and actions within the game, such as hitting targets or completing objectives.",19.7102
IsuDOLuMBR0,IsuDOLuMBR0,1,"The women in the video are making a sound that resembles laughter or cheering, which could be interpreted as ""ha ha ha"" or ""yay!"" depending on the context and the specific event they are participating in.",31.7769
ITL429RMscI,ITL429RMscI,1,The rank of general with three stars is a Lieutenant General.,6.9242
Iuf0gTj4S0M,Iuf0gTj4S0M,1,"After answering the question, each child took turns jumping into the pool one by one.",51.1834
IVAcuxSsdSw,IVAcuxSsdSw,1,Football,28.7436
IVqpg_1aWXU,IVqpg_1aWXU,1,The toy airplane has 'SIGMA AIRLINES' written on it.,32.0121
IvWk2kXJoH0,IvWk2kXJoH0,1,"The video showcases two soccer moves performed by players during a women's soccer game. The first move is a powerful header, where a player jumps and uses their head to control or direct the ball. This move is often used to score goals from set pieces like corners or free kicks. The second move is a precise pass, where a player skillfully distributes the ball to a teammate, demonstrating good teamwork and strategic play. These moves highlight the athleticism and tactical skills required in women's soccer.",22.0007
IWSPAfCKtV8,IWSPAfCKtV8,1,"The sound at the end of the video is a ""BEEP"".",22.5080
IyLkl1USwhU,IyLkl1USwhU,1,"There is one smartphone visible in the video. It appears to be held by one of the individuals, possibly being used for communication or entertainment purposes.",9.2253
I_eWjERhgPU,I_eWjERhgPU,1,"After the cartoon character sees himself in the mirror, he is surprised and then sits down at a table with a large blue burger in front of him. He thinks about the burger and then starts to eat it.",15.6283
I_TaWo2AMDA,I_TaWo2AMDA,1,The man in the video completes 15 push-ups.,19.4306
J-sG9vePDmI,J-sG9vePDmI,1,"The displayed text says ""Shadow boxing the opposing team"" with two emojis, one of which is a laughing face.",31.8345
J1CS47pBX_M,J1CS47pBX_M,1,"The first thing that is said in the video is ""Break out of your shell.""",30.0978
J3nyDqVYj40,J3nyDqVYj40,1,"The bull charges at the man, who tries to escape by running away.",12.4535
J5cGZ_EA8R8,J5cGZ_EA8R8,1,The guy performs two flips while jumping off the tree branch in the video.,11.1758
J7C_J_BOq7I,J7C_J_BOq7I,1,The basketball player misses the shot and the ball bounces off the rim.,17.4073
J8L_ZRBH6VM,J8L_ZRBH6VM,1,The three women are dancing in front of a door.,28.1705
J8pjQz5hVDw,J8pjQz5hVDw,1,"The buildings next to the demolished one likely did not get damaged due to several possible reasons:

1. **Structural Integrity**: The demolished building might have been in poor condition or had structural issues that made it more susceptible to collapse, while the adjacent buildings were built with better materials and design standards.

2. **Foundation Stability**: The foundation of the demolished building could have been compromised, leading to its collapse without affecting the stability of the nearby structures.

3. **Explosion Dynamics**: If the demolition was",61.8640
J9nJaxVRB-4,J9nJaxVRB-4,1,"The video showcases the durability and strength of Turboflex eyeglasses by demonstrating that they can withstand being hit with a hammer without breaking, unlike regular eyeglasses which shatter into pieces.",28.8063
J9PiXMoNwlw,J9PiXMoNwlw,1,The new abortion law will take effect starting September 15th.,62.9517
JA8_NOh7Hak,JA8_NOh7Hak,1,"The issue with the jeans is that they are extremely oversized and do not fit properly, as indicated by the text ""How tall are these people..?"" in the video.",9.6836
JAs8qTc5EEc,JAs8qTc5EEc,1,"The man in the video appears to be trying to entertain or engage with the audience through various actions, such as dancing and making playful gestures. He seems to be mimicking a child's behavior, as indicated by the text ""Отправили в детдом?"" which translates to ""Sent to an orphanage?"" in English. This suggests that he might be portraying a child-like character for comedic effect.",10.9419
JA_afYAObgs,JA_afYAObgs,1,"The pink creature's eyes turn blue, and she is embraced by another character, who is also a pony with purple hair. This suggests that the pink creature has been accepted into the group or community of ponies, possibly as a new member or friend. The embrace could symbolize acceptance, friendship, or even a transformation into a new form or role within the group.",16.9960
JBmn5RRO_aM,JBmn5RRO_aM,1,The man in the white shirt jumps three times in the video.,46.6283
Jc2BdtyAF48,Jc2BdtyAF48,1,The displayed text says 'Using laser beams to tighten the skin'.,10.1793
JCKbxPvO32I,JCKbxPvO32I,1,The background music features a flute playing a melody.,31.3501
Jc_vZjKwtvg,Jc_vZjKwtvg,1,"The song being played in the video is ""Dance Monkey"" by Tones and I.",15.0775
JdjYxZcSBSY,JdjYxZcSBSY,1,"After chewing gum for a while, the chimpanzee spits out the gum.",38.3061
Je-mkG85Ntc,Je-mkG85Ntc,1,The boy makes a laughing sound at the end of the video.,25.2544
JecGTrg8Qig,JecGTrg8Qig,1,"In the background of the video, there appears to be a snowy landscape with mountains and possibly some structures or terrain features typical of a Minecraft environment. The sky has an orange hue, suggesting either sunrise or sunset.",15.7973
JeqfVPHF0OY,JeqfVPHF0OY,1,The video demonstrates how to grow sugar cane in Minecraft.,14.2296
JfGLBDlipnY,JfGLBDlipnY,1,"At any given time, two people carry a mattress in the video.",15.0386
JfXV0T2VpEg,JfXV0T2VpEg,1,"When the father chooses the snack bag in the left or right challenge game, he either wins or loses the game depending on whether the chosen bag matches the color of the chosen side (left or right). If it matches, he wins; if not, he loses.",33.0700
JfzYDrbdvsQ,JfzYDrbdvsQ,1,The man cleaned his cell phone with a cloth before using it near the ocean.,18.4723
JGQjEeUzFdI,JGQjEeUzFdI,1,There are five toy figurines in the video.,44.0019
Jhiyf69UltM,Jhiyf69UltM,1,"After the little girl tasted a cookie, she said ""Mmm"" and smiled.",31.0916
JJ8sKvg55sM,JJ8sKvg55sM,1,There are three birds in the video.,4.5573
JjbPGSbFVc8,JjbPGSbFVc8,1,"The person holds up the completed origami envelope and smiles, indicating satisfaction with their work.",37.0427
JJm36w6X5pI,JJm36w6X5pI,1,"The poster warns against smoking during pregnancy. It illustrates the dangers of smoking by showing how it can harm both the mother and the developing fetus, emphasizing the importance of avoiding smoking to ensure a healthy pregnancy.",33.0074
Jjtp1B8OYqQ,Jjtp1B8OYqQ,1,"The dancer is wearing a white shirt, black pants, and a black hat.",69.2016
Jk5h2a0j_ek,Jk5h2a0j_ek,1,They are eating candy.,8.0181
JkfvwpRl488,JkfvwpRl488,1,"The display text reply to the first question in the video is ""me: I guess I'll give it a try"".",17.9202
JluxtrFDkZU,JluxtrFDkZU,1,The image on the plate is of a sword.,29.2482
JOClNGH6yL8,JOClNGH6yL8,1,The woman is wearing a purple top.,42.1318
JOftqIUYn24,JOftqIUYn24,1,"The video is primarily focused on a humorous and exaggerated scenario involving a blue character who is being served a live lobster by a waiter, leading to various comedic situations and interactions.",38.8553
JOYI4B6yVX8,JOYI4B6yVX8,1,"After the woman gets kicked by a horse, she falls to the ground and then gets up and walks away.",11.5337
JpCP3i6JoNc,JpCP3i6JoNc,1,"The young man is standing in front of a wall with three balloons and he is holding a knife in his hand. He appears to be preparing to pop one of the balloons, possibly as part of a game or challenge.",22.4841
JpTsHQHzptE,JpTsHQHzptE,1,"When Ladybug passes by the two Spider Men, she seems to be looking at them with a surprised or curious expression. The Spider Men appear to be in a playful or mischievous mood, as they are making exaggerated gestures and movements towards her. This interaction suggests that there might be some humor or a light-hearted moment happening between them.",15.0484
JqugPKIgGNQ,JqugPKIgGNQ,1,The cat is white with black patches.,18.9311
JR5t_k9ULcA,JR5t_k9ULcA,1,"The video is showcasing various unique stationery items that can be used by students, such as pens, notebooks, and other writing tools.",38.0192
JrBhUfuagxw,JrBhUfuagxw,1,"The last expression by the man in the video appears to be a smile, as he seems to be laughing or smiling at the end of the interaction with the woman.",24.9114
JRjNUjYOuc0,JRjNUjYOuc0,1,"The hats in the video resemble traditional or cultural headpieces, possibly with intricate designs and patterns that suggest a specific cultural or historical context. The detailed craftsmanship and ornate decorations indicate that these hats might be used for ceremonial, festive, or theatrical purposes, reflecting a rich cultural heritage.",30.8836
JrYZSj0E9ZQ,JrYZSj0E9ZQ,1,The man is talking to the camera while holding a wasp in between his fingers.,13.7512
JSOh_pKFq84,JSOh_pKFq84,1,The woman in the video is using chopsticks to pick up the bean.,18.3831
JTolYjiErBw,JTolYjiErBw,1,"The boy is picking the mushrooms to collect them in the green bowl, as shown in the video.",9.3694
JTVmofbUKz8,JTVmofbUKz8,1,"The girl is singing ""Happy Birthday"" to herself, as she is celebrating her own birthday.",7.0251
JTXpUxVg144,JTXpUxVg144,1,The threatened consequence is that she will be in big trouble.,64.3347
JUH1x0s8tyA,JUH1x0s8tyA,1,The video shows a green apple with a mosquito on it.,68.9760
JuNLqy1m-_Q,JuNLqy1m-_Q,1,"The guy in the plaid shirt appears to be engaging with the young boy, possibly trying to make him laugh or entertain him. He seems to be in a playful mood and is interacting with the boy in a way that suggests he's trying to create a fun atmosphere.",14.6918
Jw7-D4hpJb4,Jw7-D4hpJb4,1,"The green sauce in the video appears to be a mixture of mint and tamarind chutney, which are traditional ingredients used in making Pani Puri.",11.1064
JWdIB4tUG_A,JWdIB4tUG_A,1,"After arguing with his wife and throwing the cups on the ground, the man bends down to pick up the cups.",7.9327
JxUXcjhjzYU,JxUXcjhjzYU,1,"The bat flies over the fence and into the stands, landing near some fans.",24.6246
JYgbRMKoZwU,JYgbRMKoZwU,1,The piano player is touching the microphone twice in the video.,15.3568
JyZx66jT2z0,JyZx66jT2z0,1,"After the boys walk away, fireworks start to light up the sky.",6.8859
JZ6D2F4EMvM,JZ6D2F4EMvM,1,"When the green mask is removed from the person's face, it reveals their true identity.",31.0557
JZzkwsnRHio,JZzkwsnRHio,1,"In the video, there is one glass of water shown.",29.2812
J_pTNqI86qE,J_pTNqI86qE,1,"The video depicts a scene where a woman riding a bicycle is hit by a car, causing her to fall and injure herself. The car continues driving away while the woman is left on the ground.",71.4994
K2b_CBz27_w,K2b_CBz27_w,1,"The sauce is being made for dipping blue churros, as shown in the video where the sauce is poured into a bowl and then used to dip the churros.",73.3239
K2qG-jQDYLU,K2qG-jQDYLU,1,"The little sister and the big sister are seen eating curry together, and they seem to be enjoying it very much.",12.7784
K6hWwBCEtU0,K6hWwBCEtU0,1,"The video mainly shows a man wearing gloves and talking to the camera in a kitchen setting. He appears to be explaining something, possibly related to food preparation or cooking.",9.1021
K6Ut3nMQPAA,K6Ut3nMQPAA,1,The character in the white tank top and blue gloves kicks first.,4.2948
KanVJWDHduE,KanVJWDHduE,1,There is one fish in the video.,41.5440
KBb0DfsH0eg,KBb0DfsH0eg,1,"After the tall woman brags about being tall, she is shown standing next to a shorter woman and pointing at her.",9.2775
KbBwDYKkByQ,KbBwDYKkByQ,1,"No, the white car does not hit the black car in the video. The white car is seen driving past the black car without making contact.",28.9866
KCHdQyYzLJ4,KCHdQyYzLJ4,1,Kim Il-Sung,41.3382
KD1De91bOyU,KD1De91bOyU,1,"The woman is preparing food, specifically what appears to be a dessert or snack item that she is coating in a white substance and then sprinkling with blue powder before placing them on a plate.",15.1233
Ke6s0tyBQ50,Ke6s0tyBQ50,1,Lime,60.6579
KEH-1ylCUIs,KEH-1ylCUIs,1,"The girl starts laughing towards the end of the video, specifically in the last few seconds.",9.2177
KFxgXMTk39g,KFxgXMTk39g,1,The race car stops at the finish line of the track.,8.8685
KGABH4Wryf4,KGABH4Wryf4,1,"No, the video is not demonstrating a well-functioning fingerprint padlock. The person in the video is shown attempting to pick the lock using a tool, which suggests that the lock may not be secure or is designed to be picked. The text ""Best lock ever"" is likely meant to be sarcastic or ironic, given the context of the demonstration.",12.2201
KgOvCPOX-Ms,KgOvCPOX-Ms,1,"By the end of the video, the two people are seen dancing together in the same location where they started.",33.6149
Kgst-S_razU,Kgst-S_razU,1,"They are discussing the TikTok app and its features, including how to download it, create an account, and upload videos.",31.3050
Kgu0AtfmKX8,Kgu0AtfmKX8,1,There is one woman in the video.,31.2833
KIlVZciwhlg,KIlVZciwhlg,1,"The video shows two individuals seated in an office-like environment, engaged in a conversation. The setting includes desks with papers and office supplies, suggesting a professional or work-related context. One person is dressed in a formal suit, while the other wears a casual sweater. The atmosphere appears to be serious yet relaxed, as they seem to be discussing something important but not overly formal. The presence of the ""TVING"" logo indicates that this might be from a TV show or series.",47.5468
Kitzcy6Fp3A,Kitzcy6Fp3A,1,"After the man talks into the camera, he is shown in front of a blue door.",7.9657
KkLSq7v8EuE,KkLSq7v8EuE,1,The girl is eating bubble gum and blowing bubbles before she notices the attempted thief.,41.3352
Km0d_A-o1x4,Km0d_A-o1x4,1,"The adults stop arguing, and they both go to the bedroom to comfort the little girl. They sit with her on the bed, and the adults help her calm down by playing with her toys and talking soothingly. The adults then try to explain what happened earlier in a way that the little girl can understand, ensuring she feels loved and safe.",16.6386
KmXaY8-ZyIA,KmXaY8-ZyIA,1,The video teaches viewers how to get rid of pimples without squeezing them.,55.4590
KoQD9x6VrSk,KoQD9x6VrSk,1,"The second man flexes his muscles multiple times throughout the video, but without specific timestamps or a detailed recount of each instance, it's not possible to provide an exact number of times he flexes his muscles. However, you can observe that he flexes his muscles several times in various poses and angles.",22.6616
KP9pXg3tBDo,KP9pXg3tBDo,1,The white dog sits down inside the kennel after dancing on two legs.,18.4834
KTvyUThiwpU,KTvyUThiwpU,1,The final step in the repair after removing the nail and plugging the hole with a rubber nail would typically be to inflate the tire to the correct pressure and ensure it is properly seated on the rim. This ensures that the tire is ready for use and can provide safe and reliable performance.,15.6140
Kv46hRuvi40,Kv46hRuvi40,1,"The person making the call seems to be trying to reach someone named Dougie B, as indicated by the text overlay ""Kay Flock says Dougie B won't pick up."" The repeated attempts and the phrase ""pick up"" suggest that they are persistently trying to contact Dougie B despite not being able to get through.",21.5301
KV5nvA79vVA,KV5nvA79vVA,1,"There is one hat in the video, worn by the man on the left.",7.9020
KvhbZ7U_9Zw,KvhbZ7U_9Zw,1,"After saying ""It's my birthday,"" the person is greeted with a warm and festive atmosphere, likely filled with celebration and joy. The setting appears to be decorated with balloons, flowers, and other party elements, creating a cheerful environment. This suggests that the person is being celebrated by others, possibly at a birthday party or similar event.",29.8703
KVmu0-GXlfA,KVmu0-GXlfA,1,"The text on the battery reads ""DURACELL"".",31.9017
KWPkJSVDCNA,KWPkJSVDCNA,1,"The goalie catches the ball in the middle of the video, after the players have been running around the field and trying to score goals.",12.3586
Kyig9R8E0jY,Kyig9R8E0jY,1,"The video features two motorcycles, one green and white and the other white with black accents.",31.7190
KYMtq6Lvn5E,KYMtq6Lvn5E,1,"The series of still photos depicts a sequence of events or scenes, likely from an animated series or a comic book. These images could represent different moments in a story, such as interactions between characters, specific actions, or significant plot developments. Without additional context, it's not possible to provide a detailed summary of the narrative, but generally, such visual sequences are designed to convey a storyline through visual storytelling.",44.7284
K_Dm0u_ksbs,K_Dm0u_ksbs,1,The young boy salutes first.,28.7391
L0vYawoAo_Q,L0vYawoAo_Q,1,"The objects are falling on the three animated characters as part of a humorous or exaggerated scenario, likely to entertain the audience by creating a comedic effect. This kind of scene is common in animated videos where exaggerated actions and reactions are used to engage viewers.",35.1757
L1knrZAHc-w,L1knrZAHc-w,1,The video does not provide any information about how long it took the cows to learn to dance. It only shows them dancing in the field.,20.2447
L36HKJeOn-0,L36HKJeOn-0,1,"When the boy gives the right answer, the woman reacts with excitement and praise.",31.9430
L4js17jguSA,L4js17jguSA,1,"The music in the background is likely playing to enhance the festive and celebratory atmosphere of the wedding ceremony. It helps to create a joyful and lively ambiance, which is typical for such events where people gather to celebrate the union of two individuals. The music can also be part of traditional wedding rituals or customs that are performed during the ceremony.",33.7222
L75wb-sK0Ws,L75wb-sK0Ws,1,"In the video, there is one gate visible.",26.2605
L9Rn2C5noys,L9Rn2C5noys,1,"After filling a quart container with vanilla soft serve, the woman at Dairy Queen places the lid on the container and then seals it with a plastic wrap cover.",32.5400
La-SNVkM06w,La-SNVkM06w,1,"The blue tarp is likely used to protect the cargo from weather elements such as rain, sun, or dust while it is being transported on the highway. It also helps in securing the cargo and preventing it from falling off the truck during transit.",32.1589
LAa5O3ToD2c,LAa5O3ToD2c,1,The first baby in the video appears to be sleeping peacefully with its eyes closed and a serene expression on its face.,7.7276
LBEnKCnLGIg,LBEnKCnLGIg,1,The man hits the target 10 times in the video.,41.8911
LBhwaSo4jmE,LBhwaSo4jmE,1,The gymnast in the video performs two flips.,32.8143
LbieW0jTtoA,LbieW0jTtoA,1,"The video shows three individuals dressed as characters from the anime ""Naruto"" performing a hand dance battle. They are mimicking the characters' fighting stances and movements, creating a playful and entertaining scene.",30.9669
LBYQbq-7Dvg,LBYQbq-7Dvg,1,"The woman puts a watch on the other woman's wrist as part of a playful or friendly interaction, possibly as a gesture of care or to share something fun. The context suggests they are enjoying each other's company and engaging in light-hearted activities.",8.4361
Lc79Goppqec,Lc79Goppqec,1,"In the video, a man is seen passing through a security checkpoint at what appears to be an entrance or exit point. He interacts with two uniformed personnel who seem to be conducting a security check. The man is wearing a brown jacket and a black hat, and he is seen bowing slightly as he passes through the checkpoint. The scene takes place outdoors, with a building visible in the background.",8.6391
LDos_KU6084,LDos_KU6084,1,The video does not provide enough information to determine if the product changes the skin color.,8.4033
LfdH03plmIw,LfdH03plmIw,1,"The Russian police are shown in a surveillance camera footage, walking in a line.",6.1407
Lg_fVCxXhgY,Lg_fVCxXhgY,1,The metal starts to take the shape of a vase.,31.1567
LI9DacxH6Ao,LI9DacxH6Ao,1,The sled gains speed due to gravity as it descends the slide.,10.4032
LjH-8x3DDqQ,LjH-8x3DDqQ,1,"After shaking the other man's hand, the man walks away from the car and stands in front of it.",13.6745
LjKQRBfH6dw,LjKQRBfH6dw,1,"After performing some judo moves, bowing, and shaking hands with his opponent, Putin is seen talking to a group of people in the video.",52.5606
LjLG1o7FDGM,LjLG1o7FDGM,1,"The person might be making sounds while eating to express enjoyment, to communicate with others around them, or simply because they are talking or speaking at the same time they are eating. It could also be a habit or a way for them to engage with their food in a more interactive manner.",31.2980
LjSq8xGEuzw,LjSq8xGEuzw,1,The first weapon we see has a scope mounted on it.,33.1200
LkdfiZcQ7lU,LkdfiZcQ7lU,1,"The video does not provide a specific reason for why a pencil was removed from the black box of pinks and reds. It could be for artistic purposes, to use it in a drawing or painting, or simply as part of organizing the box. The video focuses more on the artist's process and the tools they use rather than the specific actions taken with each item.",9.3640
LKiaCf1QZFw,LKiaCf1QZFw,1,"The woman in the video does not speak any words; she is shown with the text ""my baby:"" displayed above her head, which seems to be part of the meme format rather than something she says.",5.9519
LNb5uNQXkwg,LNb5uNQXkwg,1,"After the keyboard is turned on, the keys light up and start to glow, creating a visually striking effect. The person's hand continues to press the keys, and the glowing effect adds a dynamic and engaging element to the scene.",5.8501
LOB9f-SQJn0,LOB9f-SQJn0,1,"The sandals appear significantly cleaner in the ""After"" picture compared to the ""Before"" picture, indicating that the cleaning procedure was effective.",18.4923
Loyn1vxCI6E,Loyn1vxCI6E,1,The girl gives the man two bottles of water in the video.,29.8158
LQ8zkNuUREU,LQ8zkNuUREU,1,The video demonstrates the process of creating an embroidered flower using a needle and thread on fabric.,15.9032
LRaDnSW9n6U,LRaDnSW9n6U,1,"The video compares prices of various tools and equipment, including DeWalt and Bosch power tools, as well as other items like water bottles and a vacuum cleaner.",17.2113
LSz_xBDBPNc,LSz_xBDBPNc,1,The man instructed his assistant to take a photo of the glowing calcium.,5.4149
LT1xMLzH21o,LT1xMLzH21o,1,The video does not provide any information about the taste of the objects the characters are holding.,23.5113
Ltv4vx1UOl4,Ltv4vx1UOl4,1,"After realizing they are being recorded, the little boy starts to giggle and laugh.",13.1014
Lua4I9I8nfc,Lua4I9I8nfc,1,"The video does not provide specific information about the number of bumps the real truck is going over. The focus seems to be more on the demonstration of the toy truck and its features rather than counting the number of bumps. If you have any other questions or need further details, feel free to ask!",22.8648
LusRurRrmf0,LusRurRrmf0,1,"In the video, there is one face mask visible. It is being worn by the person who is cutting the cake.",9.3159
LUZHLX2pBdk,LUZHLX2pBdk,1,The man in the video is wearing camouflage-patterned shorts.,19.8793
LxZuar32o1o,LxZuar32o1o,1,"After putting two hula-hoops around his waist, the boy continues to spin them around his body while maintaining a steady rhythm and control over the hula-hoops.",13.6869
LziNpkXGoDE,LziNpkXGoDE,1,"The man is kneeling and writing on the other man's shirt as part of a tradition or ritual, likely to celebrate a victory or significant achievement. This act is common in sports teams where players sign each other's jerseys after a win. The man kneeling might be a teammate or a fan expressing their excitement and support for the team.",16.6706
L_QWBOPgucA,L_QWBOPgucA,1,"The man separates the two pieces of black material to reveal and inspect the green substance inside, which is likely jade or a similar gemstone. The separation allows for a closer examination of the material's internal structure and color, which can be crucial in determining its value and authenticity.",26.3323
M39nNQb1Nj0,M39nNQb1Nj0,1,"In its first year, the dog learns to walk, run, and play.",28.0833
M57Mawo4W-Y,M57Mawo4W-Y,1,Two towels are used to help people get taller.,38.1456
M5X27rRGGHU,M5X27rRGGHU,1,"The video does not show any instrument being played. It features students in a classroom setting, with one student writing and another looking confused.",8.7761
M6cWJmBBhnI,M6cWJmBBhnI,1,"The man appears to be enjoying himself while driving the combine through the field, as he is smiling and laughing.",31.7110
M76Yl8Oor8Y,M76Yl8Oor8Y,1,There are two men hugging in the video.,41.4429
MA173ZVzSXc,MA173ZVzSXc,1,"The exact number of pairs of sneakers is not specified, but it is mentioned that there are multiple pairs visible on the shelves behind the narrator.",11.8737
MCWKUjMdpF4,MCWKUjMdpF4,1,"One of the labels given to the young man in the video is ""Нытик"" (Crybaby).",13.3759
MdCT-ky8_FM,MdCT-ky8_FM,1,"The video is primarily about running techniques and tips for improving performance, with a focus on maintaining a consistent pace and proper posture.",53.6946
MdMKHhFFqJQ,MdMKHhFFqJQ,1,The video features the sound of a guitar.,31.3753
MeUXjKoEoMs,MeUXjKoEoMs,1,"The last spoken word in the video is ""buddy"".",20.9285
Mf0sSHQNBIM,Mf0sSHQNBIM,1,"The man in the video is sweeping up trash, eating candy, pouring detergent on his plate and eating it, watering a plant, and cleaning a toilet.",7.3994
MGP3HAlVhDY,MGP3HAlVhDY,1,"The clues that the unseen person might be cold include the fact that they are wearing a blue sweater and are in a room with a bed covered by a blanket. Additionally, the person is seen adjusting the blanket and moving around the bed, which could indicate an attempt to find a more comfortable position or to stay warm. The presence of a can in their hand suggests they might be trying to keep themselves warm with a beverage.",17.8699
MGrxiff_3Jc,MGrxiff_3Jc,1,The woman in the video is dancing outside on a sunny day.,21.8351
MgsGBZrPtLw,MgsGBZrPtLw,1,"In the video, a group of animated characters is dancing together in a beach setting. The characters include a man and three children, all dressed in colorful outfits. They are performing a synchronized dance routine, moving their arms and legs in unison to the music. The background features palm trees and a boat, adding to the tropical atmosphere. The overall scene is lively and cheerful, capturing a moment of joy and celebration.",20.4207
Mi-NpnCBegw,Mi-NpnCBegw,1,"The actor demonstrates the word ""exclaim"" as the last synonym of ""say"".",75.0183
Mj3kccs07fg,Mj3kccs07fg,1,There are three different dishes on the table in the video.,9.0043
MjV1CZxCOeE,MjV1CZxCOeE,1,"As the video progresses, the young lady changes her outfit and accessories. She starts by wearing a white top and blue jeans, then she changes into a purple jacket over a white top and brown pants, and finally, she adds a necklace to complete her look.",69.2717
MLJ0wxf_cmw,MLJ0wxf_cmw,1,The person lands the backflip successfully and continues to skate.,8.1417
MM19feoJGmM,MM19feoJGmM,1,"After using a knife, a nutcracker is used on the walnut.",31.8064
MnNCjbPsiek,MnNCjbPsiek,1,The card thrower is attempting to hit the lit candle with the playing card.,14.1720
MphrquLK8gc,MphrquLK8gc,1,The video teaches how to add hair to braids.,17.0606
MQg3_AIydkw,MQg3_AIydkw,1,The sound of people talking and the wind can be heard during the video.,31.5547
MQlY_bh3Hkk,MQlY_bh3Hkk,1,"The young man intervenes and helps the boy who was being beaten up, but in the process, he gets injured himself.",10.2665
Mr5ajtVsATc,Mr5ajtVsATc,1,Two scoops of food are taken out of the pot.,28.8458
MRBm4oGh6Xk,MRBm4oGh6Xk,1,"The cyclist crashed into the car because the car suddenly turned in front of him, and he was unable to avoid it in time.",29.7257
MRMbXhOIFJM,MRMbXhOIFJM,1,The woman polishes her left thumb nail in the video.,23.8574
MS3Ybxlb2LQ,MS3Ybxlb2LQ,1,"After using the electric tool, the man removes the screw and then drives it back in with the electric tool again.",29.5431
Msbpqv5aOxk,Msbpqv5aOxk,1,The text 'I AM ANITA' is written on the back of the man's hand.,30.5539
MUQK3vhVOiw,MUQK3vhVOiw,1,"In the first part of the video, there are five flags visible.",69.4512
MuRg3XtN_38,MuRg3XtN_38,1,"By the end of the video, the little girl is seen sitting in a stroller with her doll.",24.3085
MW8YVwrY6_0,MW8YVwrY6_0,1,There is one bed shown in the video.,45.5525
MWYG4ljwoJI,MWYG4ljwoJI,1,"The video is about two dogs having a conversation, with one of them expressing their preference for simple pleasures in life and the other dog agreeing with them.",8.7550
MXU4K2gyFvk,MXU4K2gyFvk,1,"The video shows a person engaging in land surfing, which involves riding a skateboard down a ramp and using leg pumping techniques to maintain speed and control.",6.4108
MY7bx0IsNbo,MY7bx0IsNbo,1,There is one electrical outlet behind the table.,21.4236
MZLX5Y17EgU,MZLX5Y17EgU,1,"The video shows a porch with a table and chairs, and a person walking up the stairs. The person posting the video likely wants viewers to see this scene as part of their content or story they are sharing.",26.9091
MZQzSUEgp1U,MZQzSUEgp1U,1,There is one red backpack visible in the video.,17.8278
N2ApImsBgDI,N2ApImsBgDI,1,There are two lights blinking on the bus in the video.,30.8537
N3fVfEAst_s,N3fVfEAst_s,1,She made friendship bracelets.,18.4530
N5-nI2V_GS0,N5-nI2V_GS0,1,"The video does not provide specific information about how many times the ping pong ball is being hit. However, it shows a sequence where the ball is being hit repeatedly by a paddle, and then it is caught in a net. The exact number of hits cannot be determined from the provided information.",25.2093
N623MG6xnak,N623MG6xnak,1,"In the video, there is one laptop visible in the scene where the woman is sitting at a desk and working.",24.3349
N6OwNSQplrE,N6OwNSQplrE,1,"The car driver decides to stop the motorcycle rider by honking at him and then proceeds to drive away, leaving the motorcycle behind.",9.5038
N7pUP__a5FM,N7pUP__a5FM,1,The man walks down the aisle of the store.,45.5167
N7rvWwZX_ZM,N7rvWwZX_ZM,1,"The man in the video appears to be shouting because he is frustrated or angry about something. His body language and facial expressions suggest that he is experiencing strong emotions, possibly related to a situation or event that has upset him.",32.9171
N8cBmFGn7do,N8cBmFGn7do,1,"In the second video, a man is seen holding a blue rose and looking at it closely. He then puts the rose to his nose and smells it. The scene changes to show him wearing a brown suit and holding the same blue rose. He appears to be in a public place with other people around him.",8.2807
N9oznAO-AGE,N9oznAO-AGE,1,"Tyson's evolution as a boxer is depicted through various stages of his career, starting from his early years in 1975 where he is shown as a young boy, to his professional boxing career beginning in 1984, where he is seen winning a match and receiving recognition for his skills. The video also shows him in 1987, standing in the ring, ready to fight, highlighting his physical prowess and readiness for competition. In later years, such as",11.7620
NbhaZCj6cVE,NbhaZCj6cVE,1,"The cartoon figures in the video represent the numbers 7, 8, and 1.",1.9678
NBNC_NWBy9Y,NBNC_NWBy9Y,1,"The images of the cat and the lion cub suggest an analogy between the two, possibly indicating that the cat is being compared to the lion cub in terms of their characteristics or behavior. The cat's calm demeanor might be likened to the lion cub's youthful innocence or the beginning of its journey.",17.1135
NBxr52ifOcA,NBxr52ifOcA,1,The boxer in black shorts lost the fight.,25.0326
NFd2lPoV8Wo,NFd2lPoV8Wo,1,"The last robot, which is blue in color and has a smiling face, stands in front of the doorway with the text ""1/3"" displayed prominently. It then moves slightly to the left, revealing more of its body while maintaining its cheerful expression. The robot's position in front of the doorway suggests it might be waiting or observing something, but without additional context from the video, it's not clear what specific action it takes at the end.",24.1724
NhrHBFbw9Uo,NhrHBFbw9Uo,1,"After the new SUV is backed down the driveway, it is driven out of the house and onto the street.",44.4189
NjfNx1uhEJE,NjfNx1uhEJE,1,"The tall young man at the ticket counter turns around to face the girls, acknowledging their presence with a gesture or a brief interaction.",38.2631
NK5Ln-1tVGc,NK5Ln-1tVGc,1,"The young girl is likely speaking to introduce herself and share her excitement about being at Disneyland, as indicated by the text overlay ""It's Halle Bailey,"" and her mention of performing ""Part of Your World"" from The Little Mermaid. She seems to be engaging with an audience, possibly for a social media post or a vlog, sharing her experience and enthusiasm for the event.",20.1180
NkXPPJoZ-h8,NkXPPJoZ-h8,1,The sound of a cat meowing is heard in the video.,21.9761
NM3dmMD45iI,NM3dmMD45iI,1,"The men seem to be joking or playfully suggesting that they might take the train into the water, as indicated by their laughter and the text overlay ""Inoxtag prend le train dans l'eau 😂"". This suggests it's a humorous idea rather than a serious one.",71.6139
NN7G28sBOlY,NN7G28sBOlY,1,The woman is asking the bystander about the age of the horse named Dyor.,67.0985
NNtFFnEXrjw,NNtFFnEXrjw,1,"After critiquing a couple of methods, the woman demonstrates the correct way to dispose of a sanitary pad by rolling it from both ends and then pressing the tape side together.",74.2295
NQM30GUj_7s,NQM30GUj_7s,1,"The speaker gestures with his hand multiple times throughout the video, but the exact number is not specified in the description.",15.7904
NrB4LPosWBk,NrB4LPosWBk,1,Justice,58.9532
NS4xBlXvjVY,NS4xBlXvjVY,1,"The video is about a character named Aang, who is shown in various scenes with different expressions and emotions. The video also includes a scene of a blue alien with glowing eyes and a caption that says ""what ozai heard.""",10.8855
NsF80sL5wy4,NsF80sL5wy4,1,"The ghosts appear to be saying ""Trick or treat!"" which is a traditional phrase used during Halloween when children go door-to-door asking for candy.",30.4999
NTFy32oOlsU,NTFy32oOlsU,1,"The runners remained safe by successfully evading the fielder's attempts to tag them out, which allowed them to reach second base without being caught.",21.9078
NUmb2P3Bzu8,NUmb2P3Bzu8,1,"The speaker's hand gestures become more animated, and their voice may rise or fall in pitch, indicating a shift in emotion.",15.5098
Nvg0mgGelUU,Nvg0mgGelUU,1,"The sign on the refrigerator door says ""I ❤️ Help Me"" with a star next to it.",6.0149
Nvg87OLVObE,Nvg87OLVObE,1,"The cartoon characters are shouting at each other because they appear to be engaged in a heated argument or disagreement, possibly over something important like the blue trophy in the center of the image. Their exaggerated expressions and gestures suggest a strong emotional investment in their discussion.",25.8688
NVkXXOpygeg,NVkXXOpygeg,1,There are two fish in the drawing.,10.3091
NW3Mhr76ClM,NW3Mhr76ClM,1,"The only thing W2S says in the video is ""I'm sorry.""",12.0439
NwUjBfzE7CU,NwUjBfzE7CU,1,There are two people working on the roof in the video.,69.0446
NzCvq05qJlo,NzCvq05qJlo,1,"After being flipped, the guy in red shorts lands on his back and then gets up to continue the wrestling match.",11.8350
Nzi5IMGq-p8,Nzi5IMGq-p8,1,There is one heart on the screen.,20.4789
O-d2M-zIMPo,O-d2M-zIMPo,1,"To take an aerial video, you can use a drone or a camera mounted on a kite or a balloon. Here’s a step-by-step guide to help you capture aerial footage:

1. **Choose Your Equipment**: Decide whether you want to use a drone, a kite, or a balloon with a camera attached. Drones are the most common and convenient option for beginners.

2. **Prepare the Drone**: If you’re using a drone, ensure it is fully charged and has all necessary accessories like",38.2062
O44HmlgDbTs,O44HmlgDbTs,1,The machine is scanning the sheets of paper with Braille on them.,13.4459
O5Qh7EZ3M1I,O5Qh7EZ3M1I,1,The second character is holding two cats.,26.6471
O60MtMuSpf8,O60MtMuSpf8,1,The image of the herpes virus in the video appears to be blue.,8.7377
O6VNkADtKV4,O6VNkADtKV4,1,The league of ring fights you're referring to is called Ultimate Fighting Championship (UFC).,19.3141
O7lBcBruXHM,O7lBcBruXHM,1,"The stewardess likely asks the man to put on his shoes because it is a safety protocol during takeoff and landing, ensuring that all passengers are secure in their seats with their seatbelts fastened. This helps prevent injuries in case of sudden movements or turbulence. Additionally, it's a standard procedure to ensure everyone is prepared for the flight's duration.",9.9406
OCaOr_BQxhs,OCaOr_BQxhs,1,"The two men join the original man on the street to dance together, creating a lively and entertaining performance in front of the white car.",8.4839
OcqojDJjc48,OcqojDJjc48,1,The young person is watching the sunset.,21.2489
ODMhTBX1kSk,ODMhTBX1kSk,1,"After the man and woman climb onto the platform, they bow to each other.",41.2187
OdvR45DCdWo,OdvR45DCdWo,1,"The last word in the song sung in this video is ""love"".",57.5989
Od_pstVp5Sk,Od_pstVp5Sk,1,There is one light fixture by the door in the video.,12.1242
OegrkuMK4Mc,OegrkuMK4Mc,1,"The men spin around because they are excited and surprised by the reaction in the glass, which is likely a chemical reaction that produces a visible effect.",45.8887
Oepj9j_fkO4,Oepj9j_fkO4,1,The man filled the balloon with smoke using a can of Smartwhip.,57.4315
OGTZn0v_g1I,OGTZn0v_g1I,1,"The Sheet Bend knot is commonly used to connect two ropes of similar thickness and material. It's particularly useful in sailing, climbing, and other activities where two ropes need to be joined together securely. The knot is known for its strength and ease of use, making it a popular choice among sailors and climbers.",37.1353
OHIPf6PUzfk,OHIPf6PUzfk,1,"The first two pitches were called strikes because the batter did not swing at them, even though they were within the strike zone. In baseball, if a batter does not swing at a pitch that is in the strike zone, it counts as a strike.",11.6490
OJ7Cf6IlTfM,OJ7Cf6IlTfM,1,"After the woman sneezes and blows the doll away, she picks up the doll again and continues to hold it while talking to the man. The man looks at her with a surprised expression and then puts down his tablet. The woman then starts to talk more animatedly, gesturing with her hands as she speaks. She seems to be explaining something or telling a story, and the man listens attentively. After a few moments, the woman puts the doll down and continues her conversation with the man",19.6124
OKy74dEPaaw,OKy74dEPaaw,1,There is one camera in the video.,28.3221
OQ1nmIuImes,OQ1nmIuImes,1,"The black guy's actions suggest that he was comfortable with the white guy squatting on the bench and didn't seem to mind it. This could imply a level of familiarity or acceptance between them, indicating that they might have been friends or at least acquaintances who were comfortable in each other's company. The fact that the black guy didn't react negatively to the white guy's action suggests a positive dynamic between them.",33.0128
Ord-GrcULgE,Ord-GrcULgE,1,The video does not show any instrument being played at the end. It ends with the baby and dog still interacting.,11.1893
OtBRqhlx97A,OtBRqhlx97A,1,"The man is likely holding his phone up to record himself or others while running, possibly for social media or personal content creation. The text overlay suggests he's trying to balance running and recording content simultaneously, which could be part of a fitness challenge or a vlog-style activity.",40.1553
OThOm8Gyfv0,OThOm8Gyfv0,1,"The object the speaker is holding and describing is a fidget spinner made of a special alloy with a built-in shield-like design, which makes it durable and suitable for extended use.",28.0567
Ou68W-kNQvg,Ou68W-kNQvg,1,"The drawing depicts a character with a split face, one side showing a calm expression and the other displaying an angry or intense expression. The character has blue eyes and is wearing a mask. The artist is adding details to the drawing, such as shading and coloring, particularly focusing on the blue hair and the eye on the right side of the face. The text ""SOME DETAILS"" appears on the screen, indicating that the artist is highlighting specific aspects of the drawing for viewers.",14.0400
OUwnypSOteg,OUwnypSOteg,1,"The tractor is balancing on its rear wheels because it appears to be stuck in the mud, and the driver is trying to free it by lifting the front wheels off the ground.",9.9282
OV6VkWpi_0M,OV6VkWpi_0M,1,"The men who are running in front of the caravan of cars appear to be engaged in some kind of playful or competitive activity, possibly a game or a race. They seem to be enjoying themselves and are moving quickly across the snowy ground. The exact nature of their activity is not clear from the video alone, but it looks like they might be participating in a fun event or a challenge.",9.1006
OVAy9Y-zh1E,OVAy9Y-zh1E,1,"In the video, we can see one catch.",9.6940
OvGHkeKuLNk,OvGHkeKuLNk,1,"Behind the candy box, there is a poster of the movie ""Honey"" and a lamp with a blue light.",31.7781
OVMLkh4we3c,OVMLkh4we3c,1,"The effectiveness of a defensive technique can depend on various factors such as the context, the attacker's strength and technique, and the defender's skill level. However, from the video, it appears that the defender is demonstrating a technique where they are maintaining control over the attacker by keeping them at arm's length and using their body to block or redirect the attacker's movements. This can be considered a good defensive technique if it allows the defender to maintain a safe distance and prevent the attacker from gaining a more advantageous",22.2615
OWN6O_7_Zro,OWN6O_7_Zro,1,"The video shows a conversation between two people using a messaging app, but the specific app name is not mentioned or visible in the video.",14.4210
OxBUQ5pV5X8,OxBUQ5pV5X8,1,The car in the video hit 2 road signs.,27.1475
OXW2JaSW1GE,OXW2JaSW1GE,1,"The video shows an x-ray of a mouth with a tooth highlighted, indicating that the video is likely about dental care or treatment, possibly focusing on a specific tooth issue.",55.2762
OYGEa7yHiXQ,OYGEa7yHiXQ,1,"This method is effective for building the wall because it ensures that the concrete is evenly distributed and compacted, which helps in creating a strong and durable structure. The use of a hose to apply the concrete allows for precise control over the thickness and consistency of the material, reducing the risk of voids or weak spots. Additionally, the presence of rebar reinforcement within the concrete provides additional strength and stability, making the wall more resilient against external forces such as wind, water, and earthquakes. This combination of",20.1159
OZDiRSO0tm8,OZDiRSO0tm8,1,"In the video, there is one braid visible.",28.7632
OzlqFYX6rVU,OzlqFYX6rVU,1,The third video in the compilation shows a girl kissing another girl.,21.3907
OzNdzgQi1CA,OzNdzgQi1CA,1,The video does not provide any information about the musical piece being played in the background.,12.1942
P8LJTv-cqIw,P8LJTv-cqIw,1,"No, the instructions in the video are specific to IKEA products and may not work with items from other stores.",21.4967
PAmo_TwQvOI,PAmo_TwQvOI,1,There is one street lamp visible in the video.,61.9111
PC2QTvV7DKY,PC2QTvV7DKY,1,"The weapon shown in the video is the MK 19 Grenade Launcher, as indicated by the text overlay in the video.",15.5047
PcDuz7j9LL8,PcDuz7j9LL8,1,"After using the machine to dispense the cleaning solution and scrub his driveway, the man rinses off the cleaning solution with a hose.",34.6846
PgKOzRgYMAI,PgKOzRgYMAI,1,"The video starts and ends with a colorful screen featuring horizontal lines in various colors, including green, yellow, pink, and black. These screens appear at the beginning and end of the video, so you can see them twice.",32.0220
Ph5M5xWoPRE,Ph5M5xWoPRE,1,"The crying boy might be mouthing lyrics or singing along, even though he is crying.",26.4842
Pi8HvqoDxX8,Pi8HvqoDxX8,1,"We can infer that this is a competitive game rather than a practice session due to several factors visible in the video:

1. **Professional Attire**: The players are wearing professional soccer uniforms, which are typically used only during official matches or competitive games.
   
2. **Stadium Setting**: The background shows a large stadium filled with spectators, indicating that this is a formal match where fans are present to watch the game.

3. **Player Numbers and Names**: The jerseys display player names and numbers,",6.5895
PiIrinu42DQ,PiIrinu42DQ,1,The person in the video is using a soldering iron to melt and join two wires together.,10.5903
PJPqGJzIwfg,PJPqGJzIwfg,1,The bong in the video is used to smoke marijuana.,60.9650
PJxUqMJWo0w,PJxUqMJWo0w,1,The woman in the video is doubting whether her husband takes candid photos of her or not.,7.7742
PKgoIkEP_6c,PKgoIkEP_6c,1,The flower in the video is purple.,18.8508
Pkjvnn7lJEo,Pkjvnn7lJEo,1,"The girl in the video is wearing a pink top with the word ""giant"" written on it, and she has a light blue face paint. She also has her hair tied back with a hair tie.",12.7426
PMbimV2LIbE,PMbimV2LIbE,1,"The couple's attire, the romantic setting with soft lighting and a cozy ambiance, and the presence of a menu and a drink suggest that they are on a special date.",24.7932
Pne0cC8Zn70,Pne0cC8Zn70,1,There is one chair visible in the video.,25.8057
POH-lLoKOLs,POH-lLoKOLs,1,"There is one clipboard in the video, which is being held by the man in the white shirt and purple tie.",6.9147
PplfkMi3JFs,PplfkMi3JFs,1,"After sitting on the floor, the man stands up and helps the woman to her feet.",21.2788
Ppp5gODf8PU,Ppp5gODf8PU,1,The bicyclist is jumping over 10 steps in the video.,9.9955
PTwap56YrbE,PTwap56YrbE,1,There is one lion in the video.,25.5646
PUxRZtAntBE,PUxRZtAntBE,1,"No, it's not likely that the doll will vomit out the balls. The doll appears to be a toy or a decorative item and is not capable of vomiting. The person in the video is simply placing the balls into the doll's mouth as part of a playful activity.",12.5130
PV6Tz265kx8,PV6Tz265kx8,1,"Right after the girl has the thought of a monster in her head, the scene changes to show the monster outside the room.",13.8695
PVBx6n2iGo8,PVBx6n2iGo8,1,"Clutch pencils are best for architects' sketches because they allow for faster drawing and can produce expressive strokes, which is beneficial for detailed architectural sketches.",12.4526
PW1sQlKz26g,PW1sQlKz26g,1,The sound of a car engine is heard at the end of the video.,41.8675
PWP17NlIgs8,PWP17NlIgs8,1,"After a man enters a kitchen where someone has just put a handful of spaghetti into a pot of boiling water, he looks surprised and confused. He then pours a bottle of Coca-Cola into the pot with the spaghetti. The spaghetti turns black as it cooks in the soda.",21.5488
PXboa0HtgZI,PXboa0HtgZI,1,"The girl in the video seems to be hiding in her crush's closet, which suggests that she might have a crush on someone and is trying to be close to them by being in their space. However, the video does not provide explicit information about what she specifically wants. It could be anything from wanting to spend more time with the person she has a crush on to wanting to impress them or simply feeling a sense of belonging in their presence.",15.7893
PxeevNPl86k,PxeevNPl86k,1,The pump is pumped 10 times the first time.,35.7530
Pxnq5xf6m6o,Pxnq5xf6m6o,1,"In the video, we can see all five fingers of the hand with the henna design.",23.2489
PyphToMehZQ,PyphToMehZQ,1,Jews,8.5124
PZjuizzTJ38,PZjuizzTJ38,1,"The video shows that the person makes multiple cuts on the paper, but it is not possible to determine the exact number of cuts from the video alone.",9.3493
PZWAlJSL7Kc,PZWAlJSL7Kc,1,"The white compound applied to the wood in the video is likely a type of adhesive or sealant, possibly used for bonding or protecting the wood. Common examples include wood glue, epoxy, or a specialized wood sealer. The exact type would depend on the specific application and the desired properties, such as strength, waterproofing, or aesthetic finish.",38.9303
Q0TEj9p73h0,Q0TEj9p73h0,1,"The boy is holding and examining the brown object, which appears to be a piece of food or a snack. He seems to be inspecting it closely, possibly checking its texture or appearance before eating it.",15.4461
Q5eSe5WBHcQ,Q5eSe5WBHcQ,1,"The clues indicating that the animals are just playing include their relaxed postures, the dog's calm demeanor despite being under the tiger's paw, and the overall lack of aggression in their interactions. The tiger's gentle nuzzling and the dog's comfortable position suggest a playful dynamic rather than an aggressive one.",28.8609
Q6aMqZwNJlg,Q6aMqZwNJlg,1,The hyena ends up with the prey in the video.,7.9909
Q6HqOkL4MCA,Q6HqOkL4MCA,1,The man in the video drank two glasses of the blue liquid.,18.1388
Q6Zx5bJHSuU,Q6Zx5bJHSuU,1,"In the video, a plastic bottle cap is being cut with a knife.",21.5173
QFljXc4WpFA,QFljXc4WpFA,1,The two weapons visible on the two men of authority are swords and pistols.,39.6377
QgQRjBsxT-M,QgQRjBsxT-M,1,"Saris originated in the Indian subcontinent, specifically in regions such as India, Pakistan, and Bangladesh. They have been an integral part of traditional attire for women in these countries for centuries. The exact origin of the saree is not definitively known, but it is believed to have evolved over time through various cultural influences and regional variations.",11.5949
QgzFuzktegE,QgzFuzktegE,1,"The man in the video has been practicing the flute for 10,952 days, which is approximately 30 years.",65.2419
QhczbmyAPQw,QhczbmyAPQw,1,There are three red round patches on the woman's jeans.,30.7207
QJuU4NALRfs,QJuU4NALRfs,1,The first baby's head drops into a bowl in the video.,6.7794
QKR5_es5p-8,QKR5_es5p-8,1,The man helps her by throwing the ring for her.,43.9670
QL68DPwP1P0,QL68DPwP1P0,1,"After making her bed with a blanket and grabbing a pillow, the woman bends over to pick up a towel from the ground.",21.8595
QlGfDlxPvPw,QlGfDlxPvPw,1,The man in the video is taking a dive from a diving board into a pool.,10.7907
QmXwE6NCFaI,QmXwE6NCFaI,1,The background sound that can be heard when the man goes outside is the sound of a car driving by.,25.7034
QN7iuxaKVOE,QN7iuxaKVOE,1,"The lyrics that follow ""She brung and put a ring on my finger"" in the song are not provided in the given text. The text only mentions the first part of the song's lyrics.",8.2551
QRBvXoSRGDE,QRBvXoSRGDE,1,A woman holding a baby in her arms can be seen feeding the giraffe some carrot strips.,8.1044
QwSEnsMHR3I,QwSEnsMHR3I,1,"After the tape is applied to the water, it creates a pattern of small, colorful particles floating in the liquid. The particles adhere to the tape and form a distinct design when lifted out of the water.",28.0245
QxTUhUj5mXs,QxTUhUj5mXs,1,"The first sentence verbalized in the video is ""today"".",5.3885
Qz39qVt6NGA,Qz39qVt6NGA,1,"The technique correction involves keeping the back and shoulders straight, with the back and shoulders back and on a hunched position throughout the entire movement to avoid shoulder strain and potential injury.",28.8004
QZgdI0jv28o,QZgdI0jv28o,1,There is one fish in the video.,40.7927
Q_cDYrCPVvc,Q_cDYrCPVvc,1,"LeBron James is an accomplished basketball player, as evidenced by his numerous accolades and records in the sport.",49.2986
Q_hGnEy6dYw,Q_hGnEy6dYw,1,"The man in the video is a Buddhist monk, as indicated by his attire and the context of the video which appears to be related to Buddhist teachings or meditation practices.",30.7790
R17SNKI79Hc,R17SNKI79Hc,1,"The video depicts a kabaddi match, which is a contact team sport originating from India. It involves players from two teams, one attacking (the raiders) and the other defending (the blockers). The raiders aim to score points by entering the opposing team's half and touching as many blockers as possible before returning to their own half without being tagged by a defender. The defenders try to prevent the raiders from scoring by tagging them with a cloth or a ball. The game is fast-paced",29.4695
R3wb56nmOaA,R3wb56nmOaA,1,The ambulance in the video has two doors at the back.,6.5459
R8nElUYfrec,R8nElUYfrec,1,The players are playing football in an indoor arena.,39.0080
R9AKnfthxxk,R9AKnfthxxk,1,The character who argues with the rest about the score is the one wearing headphones and a black shirt.,34.0893
R9jhwptmirQ,R9jhwptmirQ,1,"In the video, 10 toys were placed inside the dinosaur's mouth.",8.6416
Ra6a04vhaZ4,Ra6a04vhaZ4,1,"When the young woman turns the bottle upside down and squeezes it, foam comes out of the bottle.",23.2231
Rc1h9aZ1Lv8,Rc1h9aZ1Lv8,1,The necklace in the video appears to be made of silver.,8.8980
RdgLPaYXaDI,RdgLPaYXaDI,1,The firemen are practicing their rescue skills.,48.1467
RIbj7xukchQ,RIbj7xukchQ,1,"The sediment is rising under the fish because the fish is stirring up the bottom of the water, likely by moving its fins or tail. This action can cause particles and sediments to become suspended in the water, creating a cloud of sediment that rises from the bottom.",12.3335
RJARe9mGjK0,RJARe9mGjK0,1,"The numbers on the white keys (1, 2, 3) likely represent the notes or pitches that should be played on those keys when following the instructions given in the video. These numbers could be part of a sequence or pattern that the person is demonstrating, possibly as a way to teach or practice piano playing. The specific meaning would depend on the context provided by the video, such as any accompanying text or audio instructions.",33.3318
RjEjcM_Z0oU,RjEjcM_Z0oU,1,The sound of people talking can be heard in the background while the paratha is being brought into the room by the waiter.,11.9231
RM3SjNFXqVM,RM3SjNFXqVM,1,The desire expressed in the video is for someone to be happy and for the speaker to be able to make them happy.,9.3683
RMH5uw9BzWs,RMH5uw9BzWs,1,"After the man hands the dog leashes over to the woman, the dogs start pulling on their leashes and running away.",9.3812
RmM3982Qbow,RmM3982Qbow,1,"The text at the bottom of the truckstop sign reads ""Todas las camareras desaportables.""",7.5052
ROyak2UcFQo,ROyak2UcFQo,1,"There are at least three different people shown in the video, as indicated by the distinct names and appearances of the individuals.",29.5838
RRI9JuEZ5y4,RRI9JuEZ5y4,1,Two pieces are cut from the wood in the video.,13.7363
RS5Ayq-m2TU,RS5Ayq-m2TU,1,"The video features a variety of music genres, including rock, pop, and electronic. The specific tracks used in the video are not mentioned, but they are likely chosen to complement the visual elements and create an engaging atmosphere for the audience.",32.2225
RwDFP3Vpwoo,RwDFP3Vpwoo,1,"The hand in the video appears to be resting on a surface that looks like a dark, possibly wooden or plastic, flat object. There is no clear indication of any specific item directly under the hand; it seems to be placed on a plain surface.",6.4176
RWxbEgaAcSE,RWxbEgaAcSE,1,"After jumping off the ramp on his bicycle and crashing onto the pavement, the man gets up from the ground and walks away from the scene.",15.1668
RXvT_6NXqaI,RXvT_6NXqaI,1,The woman in the video is unwrapping a piece of candy.,7.1706
RYU4tMwkqps,RYU4tMwkqps,1,"After placing the ring at her waist and lifting the skirt of the dress, the woman ties the dress with both hands.",8.4643
RZrkA52TGBA,RZrkA52TGBA,1,"There is one ball that appears in the video, which is a purple balloon that the woman throws into the crowd.",4.9545
